Course,Topic Name,,,
Dynamics,Particle motion,,,
Dynamics,Rigid body motion,,,
Dynamics,Vector analysis,,,
Dynamics,Coordinate systems and bases,,,
Dynamics,Reference frames and relative motion,,,
Dynamics,Newton's second law,,,
Dynamics,System of particles,,,
Dynamics,Force models,,,
Dynamics,Work-energy principle,,,
Dynamics,Conservative forces and potential energy,,,
Dynamics,Impulse and momentum,,,
Dynamics,Impact and collisions,,,
Dynamics,Rigid body kinematics,,,
Dynamics,Mass distribution and inertia,,,
Dynamics,Instantaneous center,,,
Dynamics,Rigid body kinetics,,,
Dynamics,Mechanism and rolling,,,
Dynamics,Lagrangian dynamics,,,
Dynamics,Hamilton's equations,,,
Dynamics,Vibrations,,,
Dynamics,Modeling and simulation,,,
Dynamics,Software applications,,,
Fluid Mechanics,Fluid properties and definitions,,,
Fluid Mechanics,Newtonian fluids,,,
Fluid Mechanics,Viscous effects,,,
Fluid Mechanics,Fluid statics/hydrostatics,,,
Fluid Mechanics,Fluid kinematics,,,
Fluid Mechanics,Differential analysis,,,
Fluid Mechanics,Approximate solutions and inviscid flow,,,
Fluid Mechanics,Control volume analysis,,,
Fluid Mechanics,Conservation equations,,,
Fluid Mechanics,Bernoulli's equation,,,
Fluid Mechanics,Dimensional analysis and similitude,,,
Fluid Mechanics,Flow measurement techniques,,,
Fluid Mechanics,Internal flow (pipe flow),,,
Fluid Mechanics,External flow and immersed objects,,,
Fluid Mechanics,Compressible flows,,,
Fluid Mechanics,Turbulence,,,
Fluid Mechanics,Turbomachinery,,,
Fluid Mechanics,Computational fluid dynamics,,,
Heat Transfer,Introduction to heat transfer modes,,,
Heat Transfer,Basic laws and concepts,,,
Heat Transfer,"Heat flux, boundary, and initial conditions",,,
Heat Transfer,Thermal properties of matter,,,
Heat Transfer,The heat diffusion equation,,,
Heat Transfer,Steady 1D conduction,,,
Heat Transfer,Composite walls,,,
Heat Transfer,Heat generation,,,
Heat Transfer,Extended surfaces (fins),,,
Heat Transfer,Transient (unsteady) conduction,,,
Heat Transfer,Multi-dimensional conduction,,,
Heat Transfer,Convection fundamentals and boundary layers,,,
Heat Transfer,Dimensional analysis,,,
Heat Transfer,Forced convection,,,
Heat Transfer,Natural (free) convection,,,
Heat Transfer,Phase change heat transfer,,,
Heat Transfer,Blackbody radiation,,,
Heat Transfer,Surface properties,,,
Heat Transfer,View factors (shape factors),,,
Heat Transfer,Radiation exchange,,,
Heat Transfer,Radiation networks,,,
Heat Transfer,Heat exchangers,,,
Heat Transfer,Mass transfer,,,
Heat Transfer,Combined modes,,,
Heat Transfer,Numerical methods,,,